{
  "display": {
    "icon": {
      "item": "endercraft:eightball"
    },
    "title": {
      "translate": "advancements.lucky_eight.title"
    },
    "description": {
      "translate": "advancements.lucky_eight.descr"
    },
    "frame": "challenge",
    "show_toast": true,
    "announce_to_chat": true,
    "hidden": false
  },
  "criteria": {
    "lucky_eight": {
      "trigger": "minecraft:inventory_changed",
      "conditions": {
        "items": [
          {
            "items": [
              "endercraft:eightball"
            ],
            "count": {
              "min": 1,
              "max": 64
            }
          }
        ]
      }
    }
  },
  "parent": "minecraft:adventure/root"
}