{
  "schemaVersion": 1,
  "id": "endercraft",
  "version": "1.0.0",
  "name": "Endercraft",
  "authors": [
    "mrtes, MCreator"
  ],
  "contact": {
    "homepage": "https://mcreator.net",
    "sources": ""
  },
  "license": "Academic Free License v3.0",
  "environment": "*",
  "entrypoints": {
    "main": [
      "net.mcreator.endercraft.EndercraftMod"
    ],
    "client": [
      "net.mcreator.endercraft.ClientInit"
    ]
  },
  "depends": {
    "fabricloader": ">=0.14.9",
    "fabric": "*",
    "minecraft": "~1.19",
    "java": ">=17"
  },
  "mixins": [
    "endercraft.mixins.json"
  ]
}